{"cameraMode":{"drawMode":0,"name":"Shaded","section":"Shading Mode"},"sceneLighting":true,"audioPlay":false,"sceneViewState":{"showFog":true,"showMaterialUpdate":false,"showSkybox":false,"showFlares":true,"showImageEffects":true,"showParticleSystems":true},"in2DMode":false,"pivot":{"x":6.838208198547363,"y":-3.7925679683685304,"z":6.34587287902832},"rotation":{"x":0.22237001359462739,"y":0.5260004997253418,"z":-0.14525319635868073,"w":0.808046281337738},"size":8.601106643676758,"orthographic":false}